,Ime produkta,Kategorija,Nabavna cena,Prodajna cena,Kratek opis,Dolg opis,Povezava do slike,Proizvajalec,Dobavitelj,Povezava do produkta,Naslov dobavitelja,Časovna norma – storitve
1,Blebox DimmerBox,BLEBOX,29.4,49.0,Modul za svetila,,,BLEBOX,BLEBOX,,,
2,Blebox SwitchBox,BLEBOX,29.4,49.0,Modul za električne naprave,,,BLEBOX,BLEBOX,,,
3,Blebox SwitchBoxLight,BLEBOX,19.2,32.0,Modul za luč,,,BLEBOX,BLEBOX,,,
4,Blebox SwitchBoxD,BLEBOX,29.4,49.0,Modul za upravljanje dveh električnih naprav,,,BLEBOX,BLEBOX,,,
5,Blebox SwitchBoxDC,BLEBOX,21.0,35.0,Modul za nizkonapetostne naprave,,,BLEBOX,BLEBOX,,,
6,Blebox wLightBox,BLEBOX,21.0,35.0,Modul za večbarven LED trak,,,BLEBOX,BLEBOX,,,
7,Blebox wLightBoxS,BLEBOX,15.0,25.0,Modul za enobarven LED trak,,,BLEBOX,BLEBOX,,,
8,Blebox ProxiDimmer,BLEBOX,11.4,19.0,Bližinsko stikalo za enobarvni LED trak,,,BLEBOX,BLEBOX,,,
9,Blebox ProxiSwitch,BLEBOX,11.4,19.0,Bližinsko stikalo za nizkonapetostne naprave,,,BLEBOX,BLEBOX,,,
10,Blebox DoorBox,BLEBOX,31.799999999999997,53.0,Modul za vhodna vrata,,,BLEBOX,BLEBOX,,,
11,Blebox proximitydimmer,BLEBOX,11.4,19.0,,,,BLEBOX,BLEBOX,,,
12,Blebox sRemote,BLEBOX,19.2,32.0,Daljinski upravljalec pametnih naprav,,,BLEBOX,BLEBOX,,,
13,Blebox uRemote - daljinček,BLEBOX,21.0,35.0,Daljinski upravljalec pametnih naprav,,,BLEBOX,BLEBOX,,,
14,Blebox SaunaBox,BLEBOX,75.0,125.0,Modul za savno,,,BLEBOX,BLEBOX,,,
15,Blebox RollerGate,BLEBOX,60.0,100.0,Modul za garažna vrata,,,BLEBOX,BLEBOX,,,
17,Blebox ActionBox,BLEBOX,17.4,29.0,,,,BLEBOX,BLEBOX,,,
18,Blebox ActionBoxS,BLEBOX,15.0,25.0,,,,BLEBOX,BLEBOX,,,
19,Blebox ActionBoxS Wired,BLEBOX,15.0,25.0,,,,BLEBOX,BLEBOX,,,
20,Blebox inBox,BLEBOX,15.0,25.0,Brezžično stikalo,,,BLEBOX,BLEBOX,,,
21,Blebox ShutterBox,BLEBOX,29.4,49.0,Modul za senčila,,,BLEBOX,BLEBOX,,,
22,Blebox ShutterBoxDC,BLEBOX,23.4,39.0,Modul za nizkonapetostna senčila,,,BLEBOX,BLEBOX,,,
23,Blebox GateBoxPRO,BLEBOX,45.0,75.0,Modul za dvoriščna vrata,,,BLEBOX,BLEBOX,,,
24,Blebox GateBox,BLEBOX,39.0,65.0,,,,BLEBOX,BLEBOX,,,
25,Blebox dacboxD DC,BLEBOX,29.4,49.0,,,,BLEBOX,BLEBOX,,,
26,Blebox ThermoBox,BLEBOX,29.4,49.0,,,,BLEBOX,BLEBOX,,,
27,Blebox ThermoBoxSet s senzorjem in okvirjem,BLEBOX,59.4,99.0,,,,BLEBOX,BLEBOX,,,
28,Blebox HumiditySensor,BLEBOX,23.4,39.0,,,,BLEBOX,BLEBOX,,,
29,Blebox FloodSensor,BLEBOX,23.4,39.0,,,,BLEBOX,BLEBOX,,,
30,Blebox TempSensor,BLEBOX,17.4,29.0,Modul za merjenje temperature,,,BLEBOX,BLEBOX,,,
31,Blebox RainSensor,BLEBOX,29.4,49.0,,,,BLEBOX,BLEBOX,,,
32,Blebox WindSensor,BLEBOX,83.39999999999999,139.0,,,,BLEBOX,BLEBOX,,,
33,Blebox ShutterBox DIN,BLEBOX,33.0,55.0,,,,BLEBOX,BLEBOX,,,
34,Blebox SwitchBox DIN,BLEBOX,33.0,55.0,,,,BLEBOX,BLEBOX,,,
35,Blebox SwitchBoxD DIN,BLEBOX,33.0,55.0,,,,BLEBOX,BLEBOX,,,
36,Blebox TempSensorAC,BLEBOX,23.4,39.0,,,,BLEBOX,BLEBOX,,,
37,Blebox TempSensorPRO,BLEBOX,27.0,45.0,,,,BLEBOX,BLEBOX,,,
38,Blebox Temperaturna sonda 1m,BLEBOX,2.946,4.91,,,,BLEBOX,BLEBOX,,,
39,Blebox Temperaturna sonda 2m,BLEBOX,3.438,5.73,,,,BLEBOX,BLEBOX,,,
40,Blebox Temperaturna sonda 5m,BLEBOX,5.069999999999999,8.45,,,,BLEBOX,BLEBOX,,,
41,Blebox Magnetni senzor za vrata,BLEBOX,8.7,14.5,,,,BLEBOX,BLEBOX,,,
42,Remontaža Blebox modula,BLEBOX,18.0,30.0,,,,INTELIGENT,,,,
43,Montaža in konfiguracija pametnega modula,BLEBOX,27.0,45.0,,,,INTELIGENT,,,,
44,Montaža in konfiguracija SaunaBox,BLEBOX,45.0,75.0,,,,INTELIGENT,,,,
45,Montaža pametnega modula,BLEBOX,21.0,35.0,,,,INTELIGENT,,,,
46,Konfiguracija pametnega modula,BLEBOX,13.2,22.0,,,,INTELIGENT,,,,
47,Namestitev aplikacije in prikaz uporabe,BLEBOX,15.0,25.0,,,,INTELIGENT,,,,
49,DVC 2MP Turret kamera - BF2283AIN,DVC,57.0,95.0,Kamera resolucija 2 megapixlov,,,DVC,Alarm Automatika,,,
50,DVC 2MP Bullet Kamera - 2282N,DVC,41.4,69.0,,,,DVC,Alarm Automatika,,,
51,DVC 2MP Bullet kamera - BF2282-DL,DVC,41.4,69.0,Kamera resolucija 2MP,,,DVC,Alarm Automatika,,,
52,DVC 4MP Bullet kamera - BF4282-DL,DVC,57.0,95.0,Kamera resolucija 4MP,,,DVC,Alarm Automatika,,,
53,DVC 4MP WiFi Bullet kamera - BF4283W,DVC,83.39999999999999,139.0,WiFi kamera resolucija 4MP,,,DVC,Alarm Automatika,,,
54,DVC 4MP Turret kamera - TF4282-DL,DVC,41.4,69.0,,,,DVC,Alarm Automatika,,,
55,DVC 4MP Turret kamera - TF4283AI-DL,DVC,81.0,135.0,,,,DVC,Alarm Automatika,,,
56,DVC 4MP Bullet kamera - BM4124AI-AD (zvočnik),DVC,197.4,329.0,,,,DVC,Alarm Automatika,,,
57,DVC 4MP Rotacijska kamera - PM404X50V2,DVC,246.0,410.0,,,,DVC,Alarm Automatika,,,
58,DVC 4MP PTZ kamera - PM402X30,DVC,179.4,299.0,,,,DVC,Alarm Automatika,,,
59,DVC 6MP Bullet kamera - BF6285AI-DL,DVC,95.39999999999999,159.0,,,,DVC,Alarm Automatika,,,
60,DVC 6MP Turret kamera - TF6283AI-DL,DVC,87.0,145.0,,,,DVC,Alarm Automatika,,,
61,DVC 6MP Bullet zoom kamera - BM6125AI-DL,DVC,141.0,235.0,,,,DVC,Alarm Automatika,,,
62,DVC 6MP Turret zoom  kamera - TM6125AI-DL,DVC,141.0,235.0,,,,DVC,Alarm Automatika,,,
63,DVC 8MP - Dome kamera - DF8283AIN,DVC,173.4,289.0,,,,DVC,Alarm Automatika,,,
64,DVC 8MP - Turret zoom kamera - TM8125AI-DL,DVC,204.0,340.0,,,,DVC,,,,
65,DVC 8MP - Dome zoom kamera - TM8125AIN,DVC,183.0,305.0,,,,,,,,
66,DVC 8MP Turret kamera - TF8283AI-DL,DVC,137.4,229.0,,,,DVC,Alarm Automatika,,,
67,DVC 8MP Turret kamera - TF8283N,DVC,137.4,229.0,,,,DVC,Alarm Automatika,,,
68,DVC 8MP Bullet kamera - BF8285AI-DL,DVC,195.0,325.0,,,,,,,,
69,DVC 8MP Bullet kamera - BF8285AIN,DVC,195.0,325.0,,,,DVC,Alarm Automatika,,,
70,DVC 8MP Bullet kamera - BF8285,DVC,131.4,219.0,,,,DVC,Alarm Automatika,,,
71,DVC 8MP Bullet Zoom kamera - BM8125,DVC,183.0,305.0,,,,,,,,
72,DVC AHD 5MP Bullet kamera - BF5285,DVC,41.4,69.0,,,,,,,,
73,DVC 2MP BM2220LPR - Branje reg. tablice,DVC,413.4,689.0,,,,,,,,
74,DVC 4MP BM43210LPR - Branje reg. tablice,DVC,599.4,999.0,,,,,,,,
75,NOSILEC ZA VGRADNJO V FASADO,DVC,10.799999999999999,18.0,,,,,,,,
76,DVC Nosilec kamere DAJ-38,DVC,9.6,16.0,,,,,,,,
77,DVC Nosilec kamere DAJ-40,DVC,7.199999999999999,12.0,Nosilci kamer,,,DVC,Alarm Automatika,,,
78,DVC Nosilec kamere DAJ-44,DVC,9.6,16.0,,,,DVC,Alarm Automatika,,,
79,DVC Nosilec kamere za na steber - DAM-35,DVC,19.2,32.0,,,,,,,,
80,DVC Kotni nosilec kamere DAM-32,DVC,13.2,22.0,Usmernik kamer,,,DVC,Alarm Automatika,,,
81,DVC pomnilniški disk 1TB,DVC,39.0,65.0,,,,DVC,Alarm Automatika,,,
82,DVC pomnilniški disk 2TB,DVC,47.4,79.0,,,,DVC,Alarm Automatika,,,
83,DVC pomnilniški disk 4TB,DVC,65.39999999999999,109.0,,,,DVC,Alarm Automatika,,,
84,DVC pomnilniški disk 6TB,DVC,101.39999999999999,169.0,,,,DVC,Alarm Automatika,,,
85,DVC pomnilniški disk 8TB,DVC,131.4,219.0,,,,DVC,Alarm Automatika,,,
86,DVC pomnilniški disk 10TB,DVC,195.0,325.0,,,,,,,,
87,DVC 32-kanalni IP snemalnik - 3282R,DVC,291.0,485.0,,,,,,,,
88,DVC 32-kanalni IP snemalnik - 3284R2,DVC,435.0,725.0,,,,,,,,
89,DVC 16-kanalni IP snemalnik,DVC,239.39999999999998,399.0,16 kanalni IP snemalnik,,,DVC,Alarm Automatika,,,
90,DVC 8-kanalni IP POE snemalnik DRN-0881RP2,DVC,192.0,320.0,,,,,,,,
91,DVC 8-kanalni IP snemalnik DRN-0881R2,DVC,96.0,160.0,,,,DVC,Alarm Automatika,,,
92,DVC 4-kanalni IP snemalnik DRN-0461R,DVC,45.0,75.0,,,,DVC,Alarm Automatika,,,
93,DVC 8-kanalni IP snemalnik + POE DRN-0881RP,DVC,179.4,299.0,8 kanalni IP snemalnik,,,DVC,Alarm Automatika,,,
94,DVC 4-kanalni IP snemalnik + POE DRN-0461RPN2,DVC,81.0,135.0,4 kanalni IP snemalnik,,,DVC,Alarm Automatika,,,
95,DVC AHD 4-kanalni + 2 IP snemalnik DRA-0451HAN2,DVC,93.0,155.0,,,,DVC,Alarm Automatika,,,
96,DVC 16-kanalni 8 AHD+8 IP snemalnik DRA-0881HN2,DVC,198.0,330.0,,,,DVC,Alarm Automatika,,,
97,DVC POE Switch - 4 kanalni,DVC,39.0,65.0,,,,DVC,Alarm Automatika,,,
98,DVC POE Switch - 8 kanalni,DVC,77.39999999999999,129.0,,,,DVC,Alarm Automatika,,,
99,DVC POE Switch - 16 kanalni,DVC,177.0,295.0,,,,DVC,Alarm Automatika,,,
100,DVC POE GigaSwitch - 4 kanalni (Managed),DVC,51.0,85.0,,,,DVC,Alarm Automatika,,,
101,DVC POE GigaSwitch - 8 kanalni (Managed),DVC,100.8,168.0,,,,DVC,Alarm Automatika,,,
102,DVC POE GigaSwitch - 16 kanalni (Managed),DVC,197.4,329.0,,,,DVC,Alarm Automatika,,,
103,DCA 5MP Turret kamera - TF5283DL,DVC,39.0,65.0,,,,,,,,
104,DRA 4-kanalni Analogni snemalnik - 0451HAN2,DVC,71.39999999999999,119.0,,,,,,,,
105,DRA 8-kanalni Analogni snemalnik - 0851HAN2,DVC,135.0,225.0,,,,,,,,
106,TP-LINK Omada 48-Port Gigabit L2+ Managed Switch,DVC,275.328,458.88,,,,,,,,
107,"Dahua LCD Monitor 24""",DVC,86.064,143.44,,,,,,,,
108,"Monitor TFT 10"" s stenskim ali namiznim nosilcem",DVC,69.0,115.0,,,,,,,,
109,VESA nosilec za monitor,DVC,15.899999999999999,26.5,,,,,TechTrade,,,
110,"Stenski nosilec za tablico, z montažo",DVC,46.8,78.0,,,,,,,,
111,"Zagon in konfiguracija snemalnika - 4 kanalni
V sodelovanju z AlarmAutomatika",DVC,69.0,115.0,,,,,,,,
112,"Zagon in konfiguracija snemalnika - 8 kanalni
V sodelovanju z AlarmAutomatika",DVC,87.0,145.0,,,,,,,,
113,"Zagon in konfiguracija snemalnika - 16 kanalni
V sodelovanju z AlarmAutomatika",DVC,105.0,175.0,,,,,,,,
114,"Zagon in konfiguracija snemalnika - 32 kanalni
V sodelovanju z AlarmAutomatika",DVC,155.4,259.0,,,,,,,,
115,"Zagon in konfiguracija snemalnika - 64 kanalni
V sodelovanju z AlarmAutomatika",DVC,197.4,329.0,,,,,,,,
116,"Montaža in konfiguracija kamere
V sodelovanju z AlarmAutomatika",DVC,33.0,55.0,,,,,,,,
117,"Konfiguracija kamere
V sodelovanju z AlarmAutomatika",DVC,17.4,29.0,,,,,,,,
118,"Montaža - Izvedba
V sodelovanju z AlarmAutomatika",DVC,17.4,29.0,,,,,,,,
119,LPR konfiguracija branja registerskih tablic,DVC,147.0,245.0,,,,,,,,
120,Delovna ura napeljave vodnika*,DVC,18.0,30.0,,,,INTELIGENT,,,,
121,UTP cat5 vodnik [m]*,DVC,0.33,0.55,,,,DIGITKLIK,,,,
122,KABEL ALARMNI Li-Y(ST)Y 2X0.50+4X0.22,DVC,0.312,0.52,,,,MARCHIOL,,,,
123,Polaganje vodnika [€/m],DVC,1.65,2.75,,,,DIGITKLIK,,,,
124,Opozorilna nalepka za videonadzor,DVC,3.0,5.0,,,,DIGITKLIK,,,,
125,Opozorilna ploščica za videonadzor,DVC,9.6,16.0,,,,DIGITKLIK,,,,
126,Rekonfiguracija kamere,DVC,15.0,25.0,,,,INTELIGENT,,,,
127,Remontaža kamere,DVC,18.0,30.0,,,,INTELIGENT,,,,
128,Demontaža kamere,DVC,12.0,20.0,,,,INTELIGENT,,,,
130,REO Wifi snemalnik 2TB,REOLINK,173.994,289.99,,,,REOLINK,REOLINK,,,
131,REO A-Eco PRO - 5MP baterijska WIFI kamera z sončno celico,REOLINK,89.994,149.99,,,,REOLINK,REOLINK,,,
132,REO Argus ECO - 3MP baterijska WIFI kamera,REOLINK,59.4,99.0,,,,REOLINK,REOLINK,,,
133,REO Argus PT - 5MP Baterijska WIFI kamera,REOLINK,95.994,159.99,,,,REOLINK,REOLINK,,,
134,REO Argus PT ultra - 8MP Baterijska WIFI kamera,REOLINK,113.994,189.99,,,,REOLINK,REOLINK,,,
135,Reolink Lumus 4MP WIFI + Luč,REOLINK,41.99399999999999,69.99,,,,,,,,
136,REO kamera ColorX Smart 2K Wi-Fi,REOLINK,74.994,124.99,,,,,,,,
137,REO kamera RLC-510WA 5MP Wifi,REOLINK,59.99399999999999,99.99,,,,REOLINK,REOLINK,,,
138,REO kamera RLC-820WA 8MP Wifi + Luč,REOLINK,71.994,119.99,,,,,,,,
139,REO kamera RLC-810WA 8MP Wifi + Luč,REOLINK,77.994,129.99,,,,,,,,
140,REO kamera RLC-511WA Zoom 5MP Wifi,REOLINK,83.994,139.99,,,,REOLINK,REOLINK,,,
141,"REO kamera RLC-843WA 8MP zoom, wifi, luč",REOLINK,104.994,174.99,,,,REOLINK,REOLINK,,,
143,REO kamera RLC-820A - Žična,REOLINK,74.994,124.99,,,,,,,,
144,REO kamera RLC-510A 5MP - Žična,REOLINK,44.99399999999999,74.99,,,,REOLINK,REOLINK,,,
145,REO kamera RLC-520A 5MP - Žična,REOLINK,44.99399999999999,74.99,,,,,,,,
146,REO kamera RLC-540A 5MP - Žična,REOLINK,53.99399999999999,89.99,,,,,,,,
147,REO GO 5MP PT PLUS - Brezžična vrtljiva kamera na SIM kartico,REOLINK,131.994,219.99,,,,REOLINK,REOLINK,,,
148,REO GO 8MP PT ULTRA- Brezžična vrtljiva kamera na SIM kartico,REOLINK,149.994,249.99,,,,,,,,
149,REO GO 4MP PLUS - Brezžična kamera na SIM kartico,REOLINK,107.994,179.99,,,,,,,,
150,REO GO 8MP PLUS - Brezžična kamera na SIM kartico,REOLINK,119.994,199.99,,,,REOLINK,REOLINK,,,
151,REO SOLAR SMALL (3W) - sončna celica,REOLINK,17.994,29.99,,,,REOLINK,REOLINK,,,
152,REO SOLAR MEDIUM (6W) - sončna celica,REOLINK,23.994,39.99,,,,REOLINK,REOLINK,,,
153,REO SOLAR BIG (12W) - sončna celica,REOLINK,35.994,59.99,,,,REOLINK,REOLINK,,,
154,REOLINK trackmix wifi IP vrtrljiva kamera - 8MP,REOLINK,146.994,244.99,,,,REOLINK,REOLINK,,,
155,REO E1 - WIFI Vrtljiva notranja kamera 3MP,REOLINK,41.99399999999999,69.99,,,,REOLINK,,,,
156,REO E1Pro - WIFI Vrtljiva notranja kamera 5MP,REOLINK,53.99399999999999,89.99,,,,REOLINK,REOLINK,,,
157,REO E1 outdoor 8MP - Vrtiljiva žična kamera z reflektorjem,REOLINK,95.994,159.99,,,,,,,,
158,REO E1 outdoor 5MP - Vrtiljiva wifi kamera z reflektorjem 5MP,REOLINK,89.994,149.99,,,,REOLINK,REOLINK,,,
159,REO E1 outdoor 8MP - Vrtiljiva wifi kamera z reflektorjem 8MP,REOLINK,107.994,179.99,,,,REOLINK,REOLINK,,,
160,REO DUO KAMERA - 8MP 180°,REOLINK,113.994,189.99,,,,REOLINK,REOLINK,,,
161,REO DUO FLOODLIGHT KAMERA - 8MP 180° + Reflektor,REOLINK,131.4,219.0,,,,REOLINK,REOLINK,,,
162,REO DUO 3 WIFI KAMERA - 16MP 180°,REOLINK,131.4,219.0,,,,REOLINK,REOLINK,,,
163,REORLC 842A - 8MP Videonadzorna kamera,REOLINK,68.358,113.93,,,,REOLINK,REOLINK,,,
164,REO Domofon (POE),REOLINK,83.39999999999999,139.0,,,,REOLINK,REOLINK,,,
165,REO Domofon (WIFI),REOLINK,89.39999999999999,149.0,,,,REOLINK,REOLINK,,,
166,Montaža in konfiguracija REO domofona,REOLINK,45.0,75.0,,,,REOLINK,REOLINK,,,
167,MicroSD 64GB,REOLINK,5.832,9.72,,,,,ELKO,,,
168,MicroSD 128GB,REOLINK,8.754,14.59,,,,,ELKO,,,
169,MicroSD 256GB,REOLINK,21.528000000000002,35.88,,,,,ELKO,,,
170,MicroSD 512GB,REOLINK,38.538000000000004,64.23,,,,,,,,
171,"Zagon in konfiguracija REO snemalnika
V sodelovanju z AlarmAutomatika",REOLINK,45.0,75.0,,,,FIT VAROVANJE,Alarm Automatika,,,
172,"Montaža in konfiguracija samostojne kamere
V sodelovanju z AlarmAutomatika",REOLINK,43.199999999999996,72.0,,,,FIT VAROVANJE,Alarm Automatika,,,
173,"Konfiguracija REOLINK kamere
V sodelovanju z AlarmAutomatika",REOLINK,25.2,42.0,,,,FIT VAROVANJE,Alarm Automatika,,,
175,Ajax MotionProtecPlus (PIR + MW),AJAX,63.0,105.0,Dvojni senzor premikanja (PIR + MW),,,AJAX,AJAX,,,
176,Ajax Socket,AJAX,54.0,90.0,Pametna vtičnica,,,AJAX,AJAX,,,
177,Ajax DoorProtect,AJAX,27.0,45.0,Senzor za vrata,,,AJAX,AJAX,,,
178,Ajax DoorProtect Plus,AJAX,40.8,68.0,Senzor za vrata in okna z zaznavanjem nagiba in udarcev,,,AJAX,AJAX,,,
179,Ajax GlassProtect,AJAX,45.0,75.0,Senzor loma stekla,,,AJAX,AJAX,,,
180,Ajax MotionProtect,AJAX,45.0,75.0,PIR senzor premikanja,,,AJAX,AJAX,,,
181,Ajax CombiProtect,AJAX,63.0,105.0,Kombiniran senzor premikanja in lom stekla,,,AJAX,AJAX,,,
182,Ajax LeaksProtect,AJAX,36.0,60.0,Poplavni senzor,,,AJAX,AJAX,,,
183,Ajax MotionCam,AJAX,114.6,191.0,Senzor s kamero,,,AJAX,AJAX,,,
184,Ajax FireProtect,AJAX,50.4,84.0,Požarni senzor za dim in temperaturo,,,AJAX,AJAX,,,
185,Ajax FireProtect Plus,AJAX,75.0,125.0,"Požarni senzor za dim, temperaturo in CO",,,AJAX,AJAX,,,
186,Ajax FireProtect2 (temperatura),AJAX,55.199999999999996,92.0,,,,AJAX,AJAX,,,
187,Ajax FireProtect2 (temperatura + dim),AJAX,61.199999999999996,102.0,,,,AJAX,AJAX,,,
188,Ajax FireProtect2 (temperatura + dim + CO),AJAX,91.2,152.0,,,,AJAX,AJAX,,,
189,Ajax FireProtect2 (temperatura + CO),AJAX,82.2,137.0,,,,AJAX,AJAX,,,
190,Ajax FireProtect2 (CO),AJAX,81.6,136.0,,,,AJAX,AJAX,,,
191,Ajax WallSwitch,AJAX,31.799999999999997,53.0,Relejski modul za vtičnico,,,AJAX,AJAX,,,
192,Ajax SpaceControl,AJAX,22.8,38.0,Daljinski upravljalec,,,AJAX,AJAX,,,
193,Ajax Keypad TouchScreen,AJAX,226.79999999999998,378.0,Daljinski upravljalec,,,AJAX,AJAX,,,
194,Ajax Keypad,AJAX,72.0,120.0,Tipkovnica,,,AJAX,AJAX,,,
195,Ajax Hub,AJAX,124.8,208.0,Kontrolna enota AJAX sistema,,,AJAX,AJAX,,,
196,Ajax Hub 2,AJAX,175.2,292.0,,,,AJAX,AJAX,,,
197,Ajax Hub Plus,AJAX,253.79999999999998,423.0,,,,AJAX,AJAX,,,
198,Ajax Hub 2 Plus,AJAX,300.0,500.0,,,,AJAX,AJAX,,,
199,Ajax Rex,AJAX,90.6,151.0,Ojačevalec signala,,,AJAX,AJAX,,,
200,Ajax Rex 2,AJAX,126.0,210.0,Ojačevalec signala + prenos slike,,,AJAX,AJAX,,,
201,Ajax HomeSiren,AJAX,46.199999999999996,77.0,Notranja sirena,,,AJAX,AJAX,,,
202,Ajax StreetSiren,AJAX,92.39999999999999,154.0,Zunanja sirena,,,AJAX,AJAX,,,
203,Ajax DualCurtain Outdoor WH,AJAX,158.4,264.0,"Zunanji dvosmerni detektor gibanja zaves za varovanje oken, vrat, ograje",,,AJAX,AJAX,,,
204,Ajax MotionProtect Curtain,AJAX,54.0,90.0,Notranji detektor zaves,,,AJAX,AJAX,,,
205,AJAX MotionProtect Outdoor,AJAX,137.4,229.0,,,,AJAX,AJAX,,,
206,AJAX MotionProtect Outdoor Hood,AJAX,9.0,15.0,,,,AJAX,AJAX,,,
207,Ajax MotionCamera Outdoor,AJAX,212.4,354.0,,,,AJAX,AJAX,,,
208,AJAX CombiProtect WH (PIR+Steklo),AJAX,63.0,105.0,,,,AJAX,AJAX,,,
209,Ajax Keypad plus,AJAX,90.6,151.0,,,,AJAX,AJAX,,,
210,AJAX Multi Transmitter,AJAX,101.39999999999999,169.0,,,,AJAX,AJAX,,,
211,Ajax Relay,AJAX,31.799999999999997,53.0,,,,,,,,
212,Ajax Button (1gang-2way),AJAX,7.8,13.0,,,,AJAX,AJAX,,,
213,Ajax Button (2gang-2way),AJAX,8.4,14.0,,,,AJAX,AJAX,,,
214,Ajax LightCore (1gang),AJAX,41.4,69.0,,,,AJAX,AJAX,,,
215,Ajax LightCore (2way),AJAX,44.4,74.0,,,,AJAX,AJAX,,,
216,Ajax LightCore (2gang),AJAX,44.4,74.0,,,,AJAX,AJAX,,,
217,Ajax VIDEO NVR (8ch),AJAX,161.4,269.0,,,,AJAX,AJAX,,,
218,Ajax VIDEO NVR (16ch),AJAX,239.39999999999998,399.0,,,,AJAX,AJAX,,,
221,Ajax RFID Tag (3 kosi),AJAX,13.799999999999999,23.0,,,,AJAX,AJAX,,,
222,Ajax 5MP TurretCam (2.8mm/4mm),AJAX,125.39999999999999,209.0,,,,AJAX,AJAX,,,
223,Ajax 5MP TurretCam HL - Reflektor (2.8mm/4mm),AJAX,153.0,255.0,,,,AJAX,AJAX,,,
224,Ajax 8MP TurretCam (2.8mm/4mm),AJAX,166.79999999999998,278.0,,,,AJAX,AJAX,,,
225,Ajax 8MP TurretCam HL - Reflektor (2.8mm/4mm),AJAX,203.4,339.0,,,,AJAX,AJAX,,,
226,Ajax 5MP DomeCam (2.8mm/4mm),AJAX,125.39999999999999,209.0,,,,AJAX,AJAX,,,
227,Ajax 5MP DomeCam HL - Reflektor (2.8mm/4mm),AJAX,153.0,255.0,,,,AJAX,AJAX,,,
228,Ajax 8MP DomeCam (2.8mm/4mm),AJAX,166.79999999999998,278.0,,,,AJAX,AJAX,,,
229,Ajax 8MP DomeCam HL - Reflektor (2.8mm/4mm),AJAX,203.4,339.0,,,,AJAX,AJAX,,,
230,Ajax 5MP BulletCam (2.8mm/4mm),AJAX,125.39999999999999,209.0,,,,AJAX,AJAX,,,
231,Ajax 5MP BulletCam HL - Reflektor (2.8mm/4mm),AJAX,153.0,255.0,,,,AJAX,AJAX,,,
232,Ajax 8MP BulletCam (2.8mm/4mm),AJAX,166.79999999999998,278.0,,,,AJAX,AJAX,,,
233,Ajax 8MP BulletCam HL - Reflektor (2.8mm/4mm),AJAX,203.4,339.0,,,,AJAX,AJAX,,,
234,Ajax Video JunctionBox - Podnožje kamere,AJAX,22.8,38.0,,,,AJAX,AJAX,,,
235,Ajax NVR - 8 kanalni,AJAX,171.6,286.0,,,,AJAX,AJAX,,,
236,Ajax NVR - 16 kanalni,AJAX,257.4,429.0,,,,AJAX,AJAX,,,
237,Ajax video Doorbell (Črn/siv/bel/grafiten),AJAX,233.39999999999998,389.0,,,,AJAX,AJAX,,,
238,Montaža in konfiguracija Ajax domofona,AJAX,57.0,95.0,,,,,,,,
239,"Montaža in konfiguracija žične alarmne naprave
V sodelovanju z AlarmAutomatika",AJAX,27.0,45.0,,,,FIT VAROVANJE,,,,
240,"Montaža in konfiguracija alarmne naprave
V sodelovanju z AlarmAutomatika",AJAX,23.4,39.0,,,,FIT VAROVANJE,,,,
241,"Montaža in konfiguracija senzorja za okna
V sodelovanju z AlarmAutomatika",AJAX,17.4,29.0,,,,FIT VAROVANJE,,,,
242,"Zagon in konfiguracija Ajax centrale
V sodelovanju z AlarmAutomatika",AJAX,59.4,99.0,,,,FIT VAROVANJE,,,,
243,"Zagon in konfiguracija Fibra centrale
V sodelovanju z AlarmAutomatika",AJAX,119.39999999999999,199.0,,,,FIT VAROVANJE,,,,
244,"Konfiguracija alarmne naprave
V sodelovanju z AlarmAutomatika",AJAX,12.0,20.0,,,,FIT VAROVANJE,,,,
245,Ajax FIBRA HUB HYBRID 4G,AJAX,419.4,699.0,,,,FIT VAROVANJE,,,,
246,Ajax FIBRA HUB HYBRID 2G,AJAX,299.4,499.0,,,,FIT VAROVANJE,,,,
247,Ajax FIBRA MotionProtect Plus,AJAX,51.6,86.0,,,,FIT VAROVANJE,,,,
248,Ajax FIBRA MotionProtect,AJAX,35.4,59.0,,,,FIT VAROVANJE,,,,
249,Ajax FIBRA DoorProtect,AJAX,22.2,37.0,,,,FIT VAROVANJE,,,,
250,Ajax FIBRA DoorProtectPlus,AJAX,33.6,56.0,,,,FIT VAROVANJE,,,,
251,Ajax FIBRA GlassProtect,AJAX,37.199999999999996,62.0,,,,FIT VAROVANJE,,,,
252,Ajax FIBRA Keypad,AJAX,59.4,99.0,,,,FIT VAROVANJE,,,,
253,Ajax FIBRA StreetSiren,AJAX,75.0,125.0,,,,FIT VAROVANJE,,,,
254,Ajax FIBRA HomeSiren,AJAX,37.8,63.0,,,,FIT VAROVANJE,,,,
255,Ajax FIBRA FireProtectPlus,AJAX,12.0,20.0,,,,FIT VAROVANJE,,,,
256,Ajax FIBRA GlassProtect,AJAX,37.199999999999996,62.0,,,,FIT VAROVANJE,,,,
258,Smart senzor vode,SMARTLIFE,19.182,31.97,Senzor izlitja vode,,,SMART,SMART,,,
259,SmartLight,SMARTLIFE,18.0,30.0,Modul za svetila,,,SMART,SMART,,,
260,Smart žarnica,SMARTLIFE,14.777999999999999,24.63,Pametna WIFI žarnica,,,SMART,SMART,,,
261,SmartGarageOpener,SMARTLIFE,29.4,49.0,Pametni modul za garažna in dvoriščna vrata,,,SMART,SMART,,,
262,SmartDimer,SMARTLIFE,21.599999999999998,36.0,Pametni zatemnilni WIFI modul za 2 luči,,,SMART,SMART,,,
263,SmartCurtain - Enojni modul,SMARTLIFE,19.2,32.0,Pametni modul za senčilo,,,SMART,SMART,,,
264,SmartCurtainDouble - Dvojni modul,SMARTLIFE,27.599999999999998,46.0,Pametni modul za dve senčili,,,SMART,SMART,,,
265,Smart TempSenzorD - Z zaslonom,SMARTLIFE,17.4,29.0,Pametni WIFI senzor temperature in vlage z zaslonom,,,SMART,SMART,,,
266,Smart TempSenzor,SMARTLIFE,14.399999999999999,24.0,Pametni WIFI senzor temperature in vlage z zaslonom,,,SMART,SMART,,,
267,Smart Senzor za vrata,SMARTLIFE,19.182,31.97,Senzor za vrata in okna,,,SMART,SMART,,,
268,Smart PIR Senzor,SMARTLIFE,19.182,31.97,Senzor gibanja,,,SMART,SMART,,,
269,Smart WIFI vtičnicaTermostat,SMARTLIFE,35.4,59.0,,,,SMART,SMART,,,
270,Smart WiFi Vtičnica,SMARTLIFE,19.182,31.97,Za upravljanje električne naprave,,,SMART,SMART,,,
271,Smart IR upravljalec,SMARTLIFE,19.2,32.0,WiFi univerzalni pametni daljinec,,,SMART,SMART,,,
272,Smart Tipkalo,SMARTLIFE,19.182,31.97,WiFi pametno tipkalo za upravljanje električnih naprav,,,SMART,SMART,,,
273,Smart Termostat,SMARTLIFE,47.4,79.0,Pametno upravljanje gretja,,,SMART,SMART,,,
274,Smart WIFI-BT pretvornik - Z zagonom in povezavo,SMARTLIFE,33.0,55.0,Pametno upravljanje gretja,,,SMART,SMART,,,
275,"Smart VIDI KONTROLA PRISTOPA 
App + Prstni odtis + koda + RFID",SMARTLIFE,47.4,79.0,Kontrola pristopa,,,SMART,SMART,,,
276,"Smart S7-BT KONTROLA PRISTOPA
App + RFID",SMARTLIFE,21.0,35.0,Kontrola pristopa,,,SMART,SMART,,,
277,Montaža in vezava čitalca kontrole pristopa,SMARTLIFE,33.0,55.0,Kontrola pristopa,,,SMART,SMART,,,
279,Danalock nosilec,DANALOCK,14.7,24.5,Nosilec za obstoječ dvosmerni cilinder,,,DANALOCK,DANALOCK,,,
280,Danalock - fiksni cilinder,DANALOCK,36.384,60.64,Cilinder za montažo Danalock ključavnice,,,DANALOCK,DANALOCK,,,
281,DanaPad - tipkovnica,DANALOCK,59.4,99.0,Zunanja tipkovnica za Danalock ključavnico,,,DANALOCK,DANALOCK,,,
282,DanaBridge - Wifi vmesnik,DANALOCK,50.688,84.48,WiFi vmesnik za Danalock ključavnico,,,DANALOCK,DANALOCK,,,
283,Danalock - Ključavnica,DANALOCK,93.39,155.65,Pametna ključavnica,,,DANALOCK,DANALOCK,,,
284,Montaža in konfiguracija pametne ključavnice,DANALOCK,45.0,75.0,Pametna ključavnica,,,DANALOCK,DANALOCK,,,
285,Montaža in konfiguracija pametne tipkovnice,DANALOCK,33.0,55.0,Pametna ključavnica,,,DANALOCK,DANALOCK,,,
286,Konfiguracija bridge WIFI vmesnika,DANALOCK,21.0,35.0,Pametna ključavnica,,,DANALOCK,DANALOCK,,,
287,Danalock - Univerzalni relejski modul,DANALOCK,75.024,125.04,Pametna ključavnica,,,DANALOCK,DANALOCK,,,
288,Baterija - CR123A,DANALOCK,3.24,5.4,Pametna ključavnica,,,DANALOCK,DANALOCK,,,
289,Vezava in konfiguracija univerzalnega modula,DANALOCK,33.0,55.0,Pametna ključavnica,,,DANALOCK,DANALOCK,,,
291,HikVision zunanja enota - vgradna - ena tipka,HIKVISION DOMOFONI,177.54,295.9,,,,HIKVISION,Alarm Automatika,,,
292,HikVision zunanja enota - vgradna - dve tipki,HIKVISION DOMOFONI,191.93999999999997,319.9,,,,HIKVISION,Alarm Automatika,,,
293,HikVision zunanja enota - ena tipka,HIKVISION DOMOFONI,177.0,295.0,,,,HIKVISION,Alarm Automatika,,,
294,HikVision zunanja enota - dve tipki,HIKVISION DOMOFONI,191.4,319.0,,,,HIKVISION,Alarm Automatika,,,
295,HikVision notranja enota,HIKVISION DOMOFONI,112.2,187.0,,,,HIKVISION,Alarm Automatika,,,
296,DVC Zunanja enota,HIKVISION DOMOFONI,107.39999999999999,179.0,,,,DVC,Alarm Automatika,,,
297,DVC Notranja enota,HIKVISION DOMOFONI,155.4,259.0,,,,DVC,Alarm Automatika,,,
298,WI-PCES210G - Pametno 8 portno POE stikalo,HIKVISION DOMOFONI,41.4,69.0,,,,DVC,Alarm Automatika,,,
299,RFID Kartica s konfiguracijo,HIKVISION DOMOFONI,2.25,3.75,,,,,,,,
300,MIFARE Kartica s konfiguracijo,HIKVISION DOMOFONI,2.6999999999999997,4.5,,,,,,,,
301,Montaža in konfiguracija domofonske enote,HIKVISION DOMOFONI,45.0,75.0,,,,INTELIGENT,,,,
302,Izrez odprtine za vgradni domofon,HIKVISION DOMOFONI,27.0,45.0,,,,INTELIGENT,,,,
303,Električna ključavnica,HIKVISION DOMOFONI,27.0,45.0,,,,INTELIGENT,,,,
304,Montaža in vezava tipkovnice/čitalca,HIKVISION DOMOFONI,33.0,55.0,,,,INTELIGENT,,,,
305,Montaža in vezava električne ključavnice,HIKVISION DOMOFONI,39.0,65.0,,,,INTELIGENT,,,,
307,Doorbird domofon 1101v Podometen,DoorBird,334.068,556.78,,,,INTELIGENT,,,,
308,Doorbird domofon 1101v Nadometen,DoorBird,334.068,556.78,,,,INTELIGENT,,,,
309,Montaža in konfiguracija DoorBird domofonske enote,DoorBird,87.0,145.0,,,,INTELIGENT,,,,
311,TP-Link 300Mbps LTE modem na sim kartico,TP LINK - INTERNET,43.266,72.11,,,,TP-LINK,ELKO/TECHTRADE,,,
312,TP-Link Modem,TP LINK - INTERNET,17.31,28.85,,,,TP-LINK,ELKO/TECHTRADE,,,
313,TP-Link AP WIFI vtičnica,TP LINK - INTERNET,17.31,28.85,,,,TP-LINK,ELKO/TECHTRADE,,,
314,Tenda AP WIFI vtičnica - 4 Antene,TP LINK - INTERNET,34.11,56.85,,,,TP-LINK,ELKO/TECHTRADE,,,
315,Zunanji brezžični WIFI most - RG-EST100-E (300mbps),TP LINK - INTERNET,45.0,75.0,,,,,,,,
316,WI-AP316 - Zunanja WIFI AP antena,TP LINK - INTERNET,45.0,75.0,,,,,,,,
317,RG-RAP6262 - Zunanja WIFI6 Gigabitna AP antena,TP LINK - INTERNET,118.8,198.0,,,,,,,,
318,Switch 4 kanalni,TP LINK - INTERNET,5.748,9.58,,,,TP-LINK,ELKO/TECHTRADE,,,
319,Switch 4 kanalni - Gigabitni,TP LINK - INTERNET,9.743999999999998,16.24,,,,TP-LINK,ELKO/TECHTRADE,,,
320,Switch 8 kanalni,TP LINK - INTERNET,9.198,15.33,,,,TP-LINK,ELKO/TECHTRADE,,,
321,Switch 8 kanalni - Gigabitni,TP LINK - INTERNET,14.549999999999999,24.25,,,,TP-LINK,ELKO/TECHTRADE,,,
322,Powerline - AV600,TP LINK - INTERNET,14.939999999999998,24.9,,,,TP-LINK,ELKO/TECHTRADE,,,
323,Powerline - AV600 vtičnica,TP LINK - INTERNET,20.939999999999998,34.9,,,,TP-LINK,ELKO/TECHTRADE,,,
324,Powerline vtičnica - Gigabit,TP LINK - INTERNET,20.939999999999998,34.9,,,,TP-LINK,ELKO/TECHTRADE,,,
325,Powerline vtičnica - AV600 + WIFI,TP LINK - INTERNET,26.939999999999998,44.9,,,,TP-LINK,ELKO/TECHTRADE,,,
326,Powerline vtičnica - Gigabit z električno vtičnico,TP LINK - INTERNET,26.939999999999998,44.9,,,,TP-LINK,ELKO/TECHTRADE,,,
327,Powerline vtičnica - Gigabit + WIFI,TP LINK - INTERNET,35.94,59.9,,,,TP-LINK,ELKO/TECHTRADE,,,
328,Konfiguracija powerline vtičnice,TP LINK - INTERNET,9.0,15.0,,,,TP-LINK,ELKO/TECHTRADE,,,
329,UTP spojka,TP LINK - INTERNET,2.73,4.55,,,,TP-LINK,ELKO/TECHTRADE,,,
330,Dahua brezžični usmerjevalnik,TP LINK - INTERNET,26.91,44.85,,,,,,,,
331,Tenda WIFI-Mesh (3-je oddajniki v paketu) 1200MB,TP LINK - INTERNET,105.0,175.0,,,,,,,,
332,Montaža in konfiguracija internetne naprave,TP LINK - INTERNET,33.0,55.0,,,,,,,,
333,"Rack strežniška omara 6U 19"" z montažo",TP LINK - INTERNET,95.39999999999999,159.0,,,,,DIGITKLIK,,,
334,"Rack električni razdelilec 19""",TP LINK - INTERNET,11.4,19.0,,,,,DIGITKLIK,,,
335,"Rack polica 19""",TP LINK - INTERNET,10.799999999999999,18.0,,,,,DIGITKLIK,,,
336,Rack ključavnica ,TP LINK - INTERNET,3.0,5.0,,,,,DIGITKLIK,,,
337,Zagon in konfiguracija internetne naprave,TP LINK - INTERNET,21.0,35.0,,,,INTELIGENT,,,,
339,Samolepilni instalacijski kanal - bel [2m]*,MONTAŽA,2.97,4.95,,,,,,,,
340,Instalacijski kanal - bel širok [2m]*,MONTAŽA,2.37,3.95,,,,,,,,
341,Instalacijski kanal - bel [2m]*,MONTAŽA,1.77,2.95,,,,,,,,
342,Instalacijski kanal - barven [2m]*,MONTAŽA,2.25,3.75,,,,,,,,
343,Negorljiva rebrasta cev [m]*,MONTAŽA,0.534,0.89,,,,,,,,
344,Samolepilni instalacijski kanal - Barven [2m]*,MONTAŽA,3.3299999999999996,5.55,,,,,,,,
345,Zaščitna trda plastična cev [m]*,MONTAŽA,0.474,0.79,,,,,,,,
346,Patch kabel 1m,MONTAŽA,1.65,2.75,,,,,,,,
347,Patch kabel 2m,MONTAŽA,2.25,3.75,,,,,,,,
348,Montaža monitorja,MONTAŽA,21.0,35.0,,,,,,,,
349,Priklop monitorja,MONTAŽA,18.0,30.0,,,,,,,,
350,Potni stroški [km]*,MONTAŽA,0.258,0.43,,,,,,,,
352,Baloon - Analog to UTP - Par,DRUGO,3.9299999999999997,6.55,,,,,,,,
353,12V napajalnik,DRUGO,5.73,9.55,,,,,,,,
354,12V napajalnik 5A,DRUGO,11.31,18.85,,,,,,,,
355,Električni podaljšek,DRUGO,4.398,7.33,,,,,,,,
356,Univerzalni magnetni senzor za vrata z vezavo,DRUGO,25.2,42.0,,,,,,,,
357,Univerzalni magnetni senzor za vrata,DRUGO,8.784,14.64,,,,,,,,
358,Poštnina,DRUGO,2.238,3.73,,,,POŠTA,,,,
359,Poštnina + plačilo po povzetju,DRUGO,2.838,4.73,,,,POŠTA,,,,
360,Poštnina paket,DRUGO,3.3,5.5,,,,,,,,
361,Dobava in menjava UPS akumulatorjev,DRUGO,51.0,85.0,,,,,,,,
362,"UPS zasilno napajanje - PFM350-360
Z zagonom in konfiguracijo",DRUGO,106.356,177.26,,,,,,,,
363,Električni vodnik [m],DRUGO,0.432,0.72,,,,,,,,
364,HDMI Kabel,DRUGO,4.998,8.33,,,,,,,,
365,Svetovanje na objektu,DRUGO,30.0,50.0,,,,,,,,
366,Servis na objektu [do 2 uri] *,DRUGO,36.0,60.0,,,,,,,,
367,Dodatna ura serviserja [h] *,DRUGO,18.0,30.0,,,,,,,,
368,Ura serviserja [h] *,DRUGO,18.0,30.0,,,,,,,,
369,Pomoč na daljavo [h],DRUGO,18.0,30.0,,,,,,,,
370,Nadometna električna doza - Mala,DRUGO,4.35,7.25,,,,,,,,
371,Nadometna električna doza - Srednja,DRUGO,9.75,16.25,,,,,,,,
372,Nadometna električna doza - Velika,DRUGO,21.45,35.75,,,,,,,,
373,DAHUA SD2A500HB - PTZ 5MP kamera,DRUGO,78.69,131.15,,,,,,,,
374,POLICEtech IPC-D8301T - 8MP kamera,DRUGO,56.556000000000004,94.26,,,,,,,,
375,DAHUA NVR2108 - 8 kanalni snemalnik,DRUGO,65.41199999999999,109.02,,,,,,,,
376,DAHUA NVR2108_8P - 8 kanalni POE snemalnik,DRUGO,175.2,292.0,,,,,,,,
377,DAHUA NVR2116-S3 - 16 kanalni snemalnik,DRUGO,76.22999999999999,127.05,,,,,,,,
378,DAHUA Centrala kontrole pristopa 2202 - 2 vrata,DRUGO,69.0,115.0,,,,,,,,
379,Zagon in konfiguracija Centrale kontrole pristopa,DRUGO,39.0,65.0,,,,,,,,
380,Diplomat - Zapiralo za vrata,DRUGO,23.255999999999997,38.76,,,,,,,,
381,Montaža diplomata,DRUGO,21.0,35.0,,,,,,,,
382,NOSILEC PFA130 - Stenski nosilec kamere,DRUGO,8.363999999999999,13.94,,,,,,,,
383,HIKVISION HWP-N2404IH-DE3 - 4MP vrtljiva zoom kamera,DRUGO,91.968,153.28,,,,,,,,
384,DAHUA SD49825XB 8MP PTZ kamera,DRUGO,405.59999999999997,676.0,,,,,,,,
385,PFA151 Kotni nosilec za montažo kamere na vogal,DRUGO,19.674,32.79,,,,,,,,
386,DVC DT607 - Zunanja 2-easy domofonska enota + RFID ,DRUGO,91.8,153.0,,,,,,,,
387,DS-KH6320-WTE2 - Notranja enota domofona,DRUGO,104.39999999999999,174.0,,,,,,,,
388,DVC PC7 - Napajalnik 2-easy domofonskega sistema,DRUGO,23.4,39.0,,,,,,,,
389,UPS električni razdelilnik,DRUGO,19.5,32.5,,,,,,,,
390,Tenda Gigabitni 16-kanalni POE switch,DRUGO,119.96999999999998,199.95,,,,,,,,
391,"UPS Samurai SMART 800 LCD
4 kamere: 36W - 80min",DRUGO,75.0,125.0,,,,,,,,
392,"UPS Samurai SMART 1000 LCD
3h/4 kamere 1.5h/8kamer",DRUGO,92.39999999999999,154.0,,,,,,,,
393,"UPS Samurai SMART 3000 LCD
8 kamer: 4 ure",DRUGO,237.0,395.0,,,,,,,,
394,Povezava in zagon UPS naprave,DRUGO,27.0,45.0,,,,,,,,
395,Električna vtičnica,DRUGO,2.28,3.8,,,,,,,,
397,tedee GO - Pametna ključavnica (Bela/Črna),TEDEE,81.09599999999999,135.16,,,,,,,,
398,tedee Bridge - Wifi povezava ,TEDEE,53.214,88.69,,,,,,,,
399,tedee PIN - tipkovnica s prstnim odtisom,TEDEE,63.443999999999996,105.74,,,,,,,,
400,tedee GO rechargable battery set,TEDEE,16.722,27.87,,,,,,,,
401,tedee PRO - Pametna ključavnica (Srebrna/Črna),TEDEE,196.2,327.0,,,,,,,,
402,EURO nastavljiv cilinder | GERDA SLR 30-61mm / 37-68mm (C),TEDEE,33.936,56.56,,,,,,,,
403,EURO nastavljiv cilinder |GERDA SLR 30-61mm / 30mm (A),TEDEE,34.536,57.56,,,,,,,,
404,Oddaljena pomoč [ura],TEDEE,18.0,30.0,,,,,,,,
407,Zaščita in priprava delovišča [m2 tal],GRADBENA DELA,1.5,2.5,,,,,,,,
408,Končno grobo čiščenje in odvoz smeti [m2 tal],GRADBENA DELA,0.8999999999999999,1.5,,,,,,,,
409,Demontaža in odvoz kuhinjski viseči element,GRADBENA DELA,15.0,25.0,,,,,,,,
410,Demontaža in odvoz kuhinjski element,GRADBENA DELA,18.0,30.0,,,,,,,,
411,Demontaža in odvoz ploščic [m2],GRADBENA DELA,7.199999999999999,12.0,,,,,,,,
412,Izdelava kanala za napeljavo 5x5 cm [m],GRADBENA DELA,5.3999999999999995,9.0,,,,,,,,
413,Vgradnja električne doze + doza,GRADBENA DELA,6.0,10.0,,,,,,,,
420,Montaža pipe,MONTAŽNA DELA,18.0,30.0,,,,,,,,
421,Montaža luči,MONTAŽNA DELA,14.399999999999999,24.0,,,,,,,,
422,Montaža vtičnice,MONTAŽNA DELA,7.8,13.0,,,,,,,,
423,Montaža stikala,MONTAŽNA DELA,7.8,13.0,,,,,,,,
424,Demontaža električne naprave,MONTAŽNA DELA,12.0,20.0,,,,,,,,
425,Odvoz in demontaža radiatorja,MONTAŽNA DELA,36.0,60.0,,,,,,,,
428,Odvoz gradbenega materiala na deponijo [kg],ODVOZ ODPADKOV,0.6,1.0,,,,,,,,
429,Odvoz odpadnega lesa na deponijo,ODVOZ ODPADKOV,0.36,0.6,,,,,,,,
430,Odvoz pohištva [kos],ODVOZ ODPADKOV,12.0,20.0,,,,,,,,
431,Odvoz električne naprave [kos],ODVOZ ODPADKOV,15.0,25.0,,,,,,,,
432,Kombi prevoz [km],ODVOZ ODPADKOV,0.51,0.85,,,,,,,,
433,Delovna ura za prenašanje pohištva [€/h],ODVOZ ODPADKOV,15.0,25.0,,,,,,,,
434,,ODVOZ ODPADKOV,15.0,25.0,,,,,,,,
436,Izvedba podkonstrukcije m^2,KNAUF,5.1,8.5,,,,,,,,
437,Izvedba volne strop m^2,KNAUF,5.1,8.5,,,,,,,,
438,Izvedba volne stene m^2,KNAUF,3.9,6.5,,,,,,,,
439,Izvedba folije m^2,KNAUF,1.5,2.5,,,,,,,,
440,Izvedba knauf strop m^2,KNAUF,3.5999999999999996,6.0,,,,,,,,
441,Izvedba knauf stene m^2,KNAUF,3.3,5.5,,,,,,,,
442,Izvedba osb plošč m^2,KNAUF,4.5,7.5,,,,,,,,
444,PROFIL UW 100 / 4000 [m1],KNAUF KONSTRUKCIJA,1.71,2.85,,,,,,,,
445,PROFIL CW 100 / 3000 [m1],KNAUF KONSTRUKCIJA,1.95,3.25,,,,,,,,
446,PROFIL UW 50 / 4000 [m1],KNAUF KONSTRUKCIJA,1.2899999999999998,2.15,,,,,,,,
447,PROFIL CW 50 / 3000 [m1],KNAUF KONSTRUKCIJA,1.5,2.5,,,,,,,,
448,PROFIL UW 60 / 4000 [m1] Strop (30),KNAUF KONSTRUKCIJA,1.14,1.9,,,,,,,,
449,PROFIL CW 30 / 3000 [m1],KNAUF KONSTRUKCIJA,0.84,1.4,,,,,,,,
450,"PLOŠČA KNAUF GKB 12,5 x 1250 x 2000 [m²] - Bela",KNAUF KONSTRUKCIJA,3.24,5.4,,,,,,,,
451,"PLOŠČA KNAUF GKB 12,5 x 1250 x 2000 [m²] - Zelena",KNAUF KONSTRUKCIJA,4.433999999999999,7.39,,,,,,,,
452,VIJAK TN 25 AKIFIX 1000/1 [pak],KNAUF KONSTRUKCIJA,6.869999999999999,11.45,,,,,,,,
453,VIJAK TN 35 AKIFIX 1000/1 [pak],KNAUF KONSTRUKCIJA,8.43,14.05,,,,,,,,
454,VIJAK Z VLOŽKOM 6x40 MM 100/1 [pak],KNAUF KONSTRUKCIJA,4.26,7.1,,,,,,,,
455,KNAUF UNIFIT 035 200 MM [m²],KNAUF KONSTRUKCIJA,13.788,22.98,,,,,,,,
456,KNAUF UNIFIT 035 50 MM [m²],KNAUF KONSTRUKCIJA,4.061999999999999,6.77,,,,,,,,
457,KNAUF UNIFIT 035 100 MM [m²],KNAUF KONSTRUKCIJA,6.894,11.49,,,,,,,,
458,FOLIJA IZOFOL ALU ARMIRANA [m²],KNAUF KONSTRUKCIJA,0.72,1.2,,,,,,,,
459,"Folija PE 0,1 MM 100m2/rola",KNAUF KONSTRUKCIJA,9.839999999999998,16.4,,,,,,,,
460,VOGALNIK ALU 25 x 25 x 3000 [m1],KNAUF KONSTRUKCIJA,0.39,0.65,,,,,,,,
461,Izvedba obdelave strešnik oken [kos],KNAUF KONSTRUKCIJA,48.0,80.0,,,,,,,,
462,Delovna ura [h],KNAUF KONSTRUKCIJA,12.0,20.0,,,,,,,,
464,OSB plošča 22mm 2500x675 [m2],OSB,6.005999999999999,10.01,,,,,,,,
465,OSB plošča 15mm 2500x675 [m2],OSB,5.34,8.9,,,,,,,,
469,Izolacija URSA DF 39/150mm [m2],KNAUF,5.813999999999999,9.69,,,,,,,,
473,Odstranitev slabo oprijete barve [m2],MALANJE,2.1,3.5,,,,,,,,
474,Dvokratno kitanje in brušenje [m2],MALANJE,3.3,5.5,,,,,,,,
475,Dobava in nanos za boljši oprijem - emulzija [m2],MALANJE,1.08,1.8,,,,,,,,
476,Dobava in kitanje z izravnalno maso za not. prostore [m2],MALANJE,3.0,5.0,,,,,,,,
477,Beljenje z 2 slojema bele barve [m2],MALANJE,2.6999999999999997,4.5,,,,,,,,
478,Dodatni sloj beljenja [m2],MALANJE,2.6999999999999997,4.5,,,,,,,,
479,Dobava in beljenje z belo barvo [m2],MALANJE,1.7999999999999998,3.0,,,,,,,,
480,Dobava in beljenje z pralno barvo [m2],MALANJE,2.6999999999999997,4.5,,,,,,,,
481,Dobava in kitanje stikov tz akrilnim kitom [m],MALANJE,0.6,1.0,,,,,,,,
482,Bandažiranje suhomontažnih mavčnokartonskih sten [m2],MALANJE,1.5,2.5,,,,,,,,
483,Bandažiranje suhomontažnega mavčnokartonskega stropa[m2],MALANJE,1.7999999999999998,3.0,,,,,,,,
484,Dobava in vgradnja ALU viogalnika [m],MALANJE,1.2,2.0,,,,,,,,
487,VODNIK PP-Y 3X 1.5 NYM-J [m],ELEKTRO MATERIAL,0.42,0.7,,,,,,,,
488,VODNIK PP-Y 3X 2.5 NYM-J [m],ELEKTRO MATERIAL,0.66,1.1,,,,,,,,
489,VODNIK PP-Y 5X 2.5 NYM-J [m],ELEKTRO MATERIAL,1.062,1.77,,,,,,,,
490,VODNIK PP-Y 3X 1.5 NYM-J [m] Z napeljavo v obstoječe cevi,ELEKTRO MATERIAL,0.6,1.0,,,,,,,,
491,VODNIK PP-Y 3X 2.5 NYM-J [m] Z napeljavo v obstoječe cevi,ELEKTRO MATERIAL,0.84,1.4,,,,,,,,
492,VODNIK PP-Y 5X 2.5 NYM-J [m] Z napeljavo v obstoječe cevi,ELEKTRO MATERIAL,1.2419999999999998,2.07,,,,,,,,
493,KABEL RAČUNALNIŠKI CAT.6 UTP 4X2 23 62015 [m],ELEKTRO MATERIAL,0.324,0.54,,,,,,,,
494,Negorljiva rebrasta cev [m]*,ELEKTRO MATERIAL,0.534,0.89,,,,,,,,
495,OMARICA RAZD.HIŠNA 12M N/O,ELEKTRO MATERIAL,7.4159999999999995,12.36,,,,,,,,
496,VAROVALKA AVTOM.RX3 C 1P 10A LEGRAND,ELEKTRO MATERIAL,2.01,3.35,,,,,,,,
497,VAROVALKA AVTOM.RX3 C 1P 16A LEGRAND,ELEKTRO MATERIAL,2.01,3.35,,,,,,,,
498,VAROVALKA AVTOM.RX3 C 3P 16A LEGRAND,ELEKTRO MATERIAL,7.223999999999999,12.04,,,,,,,,
499,STIKALO LEG RX3 D FI 40/0.03A 4P,ELEKTRO MATERIAL,26.994,44.99,,,,,,,,
500,LETEV ZBIR.ZA AVT.VAR.3P 210MM 10MM2 VILICE,ELEKTRO MATERIAL,2.82,4.7,,,,,,,,
501,STIKALO LEG RX3 3P 40A,ELEKTRO MATERIAL,12.6,21.0,,,,,,,,
502,DOZA SM 60-06 GLOBOKA P/O 404005,ELEKTRO MATERIAL,0.06,0.1,,,,,,,,
503,NOSILEC MODUL Č60 2M 24236 NM20-P,ELEKTRO MATERIAL,0.528,0.88,,,,,,,,
504,OKVIR MODUL 2M SOFT PW BEL 24550 OS20PW-U,ELEKTRO MATERIAL,0.8160000000000001,1.36,,,,,,,,
505,NOSILEC MODUL Č60 1M 24235 NM10-P,ELEKTRO MATERIAL,0.516,0.86,,,,,,,,
506,OKVIR MODUL 1M SOFT PW BEL 24549 OS10PW-U,ELEKTRO MATERIAL,0.804,1.34,,,,,,,,
507,STIKALO MODUL 1POL SM.1 16A 1M BREZ.TIP.,ELEKTRO MATERIAL,1.26,2.1,,,,,,,,
508,STIKALO MODUL MENJALNO SM.6 16A 1M BREZ,ELEKTRO MATERIAL,1.536,2.56,,,,,,,,
509,STIKALO MODUL KRIŽNO SM.6 16A 1M BREZ TIP.,ELEKTRO MATERIAL,3.168,5.28,,,,,,,,
510,VTIČNICA MODUL ŠUKO VRN 16A 2M BELA 17649,ELEKTRO MATERIAL,2.064,3.44,,,,,,,,
511,VTIČNICA MODUL 2P 10A 1M BELA 17686,ELEKTRO MATERIAL,1.74,2.9,,,,,,,,
512,NOSILEC MODUL Č60 2M 24236 NM20-P,ELEKTRO MATERIAL,0.528,0.88,,,,,,,,
513,NOSILEC MODUL 3M 24232 NM30-P,ELEKTRO MATERIAL,0.432,0.72,,,,,,,,
514,NOSILEC MODUL 4M 24233 NM40-P,ELEKTRO MATERIAL,0.9959999999999999,1.66,,,,,,,,
515,NOSILEC MODUL 7M 24234 NM70-P,ELEKTRO MATERIAL,1.188,1.98,,,,,,,,
516,OKVIR MODUL 2M SOFT PW BEL 24550 OS20PW-U,ELEKTRO MATERIAL,0.8160000000000001,1.36,,,,,,,,
517,OKVIR MODUL 3M SOFT PW BEL 24552 OS30PW-U,ELEKTRO MATERIAL,1.008,1.68,,,,,,,,
518,OKVIR MODUL 4M SOFT PW BEL 24553 OS40PW-U,ELEKTRO MATERIAL,1.3679999999999999,2.28,,,,,,,,
519,OKVIR MODUL 7M SOFT PW BEL 24554 OS70PW-U,ELEKTRO MATERIAL,2.1,3.5,,,,,,,,
520,DOZA SM 60-06 GLOBOKA P/O 404005,ELEKTRO MATERIAL,0.06,0.1,,,,,,,,
521,DOZA MODUL P/O PM 3-65MM GLOBOKA 404235,ELEKTRO MATERIAL,0.33,0.55,,,,,,,,
522,DOZA MODUL P/O PM 4-65MM GLOBOKA 404236,ELEKTRO MATERIAL,0.54,0.9,,,,,,,,
523,DOZA MODUL P/O PM 7/6-65MM GLOBOKA 404237,ELEKTRO MATERIAL,0.804,1.34,,,,,,,,
524,VENTILATOR VORT PUNTO M 120/5 11301,ELEKTRO MATERIAL,27.768,46.28,,,,,,,,
525,TIPKA MODUL Z NOSILCEM 2M BELA 24241,ELEKTRO MATERIAL,0.444,0.74,,,,,,,,
529,Izdelava utorov 5x5 cm [m1],ELEKTRIČARSKO DELO,1.2,2.0,,,,,,,,
530,Polaganje elektro cevi [m1],ELEKTRIČARSKO DELO,0.72,1.2,,,,,,,,
531,Gibsanje cevi [m1],ELEKTRIČARSKO DELO,0.8999999999999999,1.5,,,,,,,,
532,Gibsanje električnih doz [kos],ELEKTRIČARSKO DELO,6.0,10.0,,,,,,,,
533,Polaganje kablov v cevi [m1],ELEKTRIČARSKO DELO,0.18,0.3,,,,,,,,
534,Vgradnja in vezava vtičnic/stikal [kos],ELEKTRIČARSKO DELO,7.199999999999999,12.0,,,,,,,,
541,Vgradnja elektro omarice,ELEKTRIČARSKO DELO,180.0,300.0,,,,,,,,
542,Montaža in povezava stikala,ELEKTRIČARSKO DELO,15.0,25.0,,,,,,,,
543,Montaža in povezava vtičnice,ELEKTRIČARSKO DELO,15.0,25.0,,,,,,,,
544,Sestava omarice in priklop notranje elektrike na varovalke 12M,ELEKTRIČARSKO DELO,240.0,400.0,,,,,,,,
545,Sestava omarice in priklop notranje elektrike na varovalke 24M,ELEKTRIČARSKO DELO,300.0,500.0,,,,,,,,
550,Programerska ura - Specialist *,PROGRAMIRANJE,60.0,100.0,,,,10 dni,,,,
551,Programerska ura - Ekspert *,PROGRAMIRANJE,45.0,75.0,,,,10 dni,,,,
552,Programerska ura - Programer *,PROGRAMIRANJE,30.0,50.0,,,,10 dni,,,,
553,Ura testiranja - Tester *,PROGRAMIRANJE,24.0,40.0,,,,10 dni,,,,
554,Montažna ura - Monter *,PROGRAMIRANJE,21.0,35.0,,,,10 dni,,,,
555,Kilometrina *,PROGRAMIRANJE,0.258,0.43,,,,,,,,
556,Ura načrtovanja,PROGRAMIRANJE,24.0,40.0,,,,7 dni,,,,
557,Ura oddaljene pomoči po telefonu,PROGRAMIRANJE,24.0,40.0,,,,3 dni,,,,
558,Ura oddaljene pomoči z računalniškim dostopom,PROGRAMIRANJE,30.0,50.0,,,,3 dni,,,,
559,Ura oddaljene pomoči (izven delovnega časa),PROGRAMIRANJE,48.0,80.0,,,,3 dni,,,,
560,Ura oddaljene pomoči z računalniškim dostopom (izven delo. časa),PROGRAMIRANJE,60.0,100.0,,,,3 dni,,,,
561,Izvoz .apk datoteke,PROGRAMIRANJE,180.0,300.0,,,,10 dni,,,,
562,Objava aplikacije na spletno trgovino,PROGRAMIRANJE,150.0,250.0,,,,10 dni,,,,
563,Priprava okvirne ocene stroškov,PROGRAMIRANJE,300.0,500.0,,,,10 dni,,,,
564,Pregled delovanja aplikacije,PROGRAMIRANJE,90.0,150.0,,,,10 dni,,,,
565,Mesečni pregled delovanja aplikacije [za celo leto],PROGRAMIRANJE,720.0,1200.0,,,,Na izbran teden,,,,
566,Tromesečni pregled delovanja aplikacije [za celo leto],PROGRAMIRANJE,270.0,450.0,,,,Na izbran teden ,,,,
567,Strežniško gostovanje aplikacije [mesečno],PROGRAMIRANJE,30.0,50.0,,,,,,,,
568,Strežniško gostovanje aplikacije [letno],PROGRAMIRANJE,300.0,500.0,,,,,,,,
569,Hitri odzivni čas [mesečno],PROGRAMIRANJE,90.0,150.0,,,,Odzivni čas na pol,,,,
570,Hitri odzivni čas [letno],PROGRAMIRANJE,900.0,1500.0,,,,Odzivni čas na pol,,,,
571,Urgentni odzivni čas [mesečno],PROGRAMIRANJE,150.0,250.0,,,,Odzivni čas na tretjino,,,,
572,Urgentni odzivni čas [letno],PROGRAMIRANJE,1500.0,2500.0,,,,Odzivni čas na tretjino,,,,
